usertoken,date,inst_credibleCertainChoice,inst_credibleCertainUncertainty,inst_nCredibleNCertain,inst_nCredibleNCertainUncertainty,preq_gender,preq_race,preq_education,preq_age,postq_economic,postq_social,postq_emotions_Upset,postq_emotions_Inspired,postq_emotions_Determined,postq_emotions_Active,postq_emotions_Hostile,postq_emotions_Attentive,postq_emotions_Afraid,postq_emotions_Nervous,postq_emotions_Ashamed,postq_emotions_Alert,account_index,condition_account,condition_accAlias,condition_block,condition_emotionSort,condition_showImage,count_tweets,sourceComment,credibility_choice,credibility_uncertainty,credibility_time,politicalOrientation_choice,politicalOrientation_uncertainty,politicalOrientation_time
2UD6shBv,9/4/20,0.631595069,0.465173216,0.696882538,0.339841693,Male,White/Caucasian/European,Undergraduate,30,Slightly liberal,Slightly liberal,A little,Quite a bit,Moderately,Quite a bit,Quite a bit,Extremely,A little,Moderately,Moderately,Quite a bit,0,MotherJones,E,TRUE,angry,FALSE,6,I have  been compare  all the  tweets  and then took  decision ,0.797160395,0.392993807,1.59923E+12,0.742891619,0.746029279,1.59923E+12
2UD6shBv,9/4/20,0.631595069,0.465173216,0.696882538,0.339841693,Male,White/Caucasian/European,Undergraduate,30,Slightly liberal,Slightly liberal,A little,Quite a bit,Moderately,Quite a bit,Quite a bit,Extremely,A little,Moderately,Moderately,Quite a bit,1,amlookout,B,TRUE,angry,TRUE,7,All tweets  are  almost  same information shows. ,0.622230225,0.670965073,1.59923E+12,0.172571338,1.62948659,1.59923E+12
2UD6shBv,9/4/20,0.631595069,0.465173216,0.696882538,0.339841693,Male,White/Caucasian/European,Undergraduate,30,Slightly liberal,Slightly liberal,A little,Quite a bit,Moderately,Quite a bit,Quite a bit,Extremely,A little,Moderately,Moderately,Quite a bit,2,nypost,F,TRUE,angry,FALSE,7,After  comparing  all tweets  information i took  this  decision ,0.538359595,0.546357281,1.59923E+12,0.119852657,1.437782294,1.59923E+12
2UD6shBv,9/4/20,0.631595069,0.465173216,0.696882538,0.339841693,Male,White/Caucasian/European,Undergraduate,30,Slightly liberal,Slightly liberal,A little,Quite a bit,Moderately,Quite a bit,Quite a bit,Extremely,A little,Moderately,Moderately,Quite a bit,3,CNNPolitics,G,TRUE,angry,TRUE,6,Tweets are almost same .,0.512000254,0.392993807,1.59923E+12,0.162986123,1.255663213,1.59923E+12
2UD6shBv,9/4/20,0.631595069,0.465173216,0.696882538,0.339841693,Male,White/Caucasian/European,Undergraduate,30,Slightly liberal,Slightly liberal,A little,Quite a bit,Moderately,Quite a bit,Quite a bit,Extremely,A little,Moderately,Moderately,Quite a bit,4,opednews,C,TRUE,angry,TRUE,8,After  researching  all other tweets.,0.46407418,0.306726874,1.59923E+12,0.148608301,0.642209392,1.59923E+12
2UD6shBv,9/4/20,0.631595069,0.465173216,0.696882538,0.339841693,Male,White/Caucasian/European,Undergraduate,30,Slightly liberal,Slightly liberal,A little,Quite a bit,Moderately,Quite a bit,Quite a bit,Extremely,A little,Moderately,Moderately,Quite a bit,5,InvestWatchBlog,D,TRUE,angry,FALSE,9,Some time  the  information is  not  matched  with other  tweets. ,0.356240514,0.254008229,1.59923E+12,-0.450467661,0.766817184,1.59923E+12
2UD6shBv,9/4/20,0.631595069,0.465173216,0.696882538,0.339841693,Male,White/Caucasian/European,Undergraduate,30,Slightly liberal,Slightly liberal,A little,Quite a bit,Moderately,Quite a bit,Quite a bit,Extremely,A little,Moderately,Moderately,Quite a bit,6,veteranstoday,A,TRUE,angry,FALSE,6,Most  of  the  tweets  was almost  same  information. ,0.603059795,0.627831606,1.59923E+12,0.330727382,0.958521481,1.59923E+12
2UD6shBv,9/4/20,0.631595069,0.465173216,0.696882538,0.339841693,Male,White/Caucasian/European,Undergraduate,30,Slightly liberal,Slightly liberal,A little,Quite a bit,Moderately,Quite a bit,Quite a bit,Extremely,A little,Moderately,Moderately,Quite a bit,7,Jerusalem_Post,H,TRUE,angry,TRUE,8,Comparing  all other tweets  i took  this  decision.  ,0.773197358,0.231632703,1.59923E+12,0.431372138,0.554324946,1.59923E+12
8iC1dPQb,9/4/20,,,,,Male,White/Caucasian/European,Undergraduate,51,Slightly Conservative,Moderate,Moderately,Moderately,Moderately,Quite a bit,Quite a bit,Moderately,Moderately,Moderately,Quite a bit,Quite a bit,0,MotherJones,E,TRUE,happy,FALSE,48,I am describe the tweets are political orientation and then race oriented.,0.919371884,0.622230225,1.59923E+12,0.637454256,0.680550251,1.59923E+12
8iC1dPQb,9/4/20,,,,,Male,White/Caucasian/European,Undergraduate,51,Slightly Conservative,Moderate,Moderately,Moderately,Moderately,Quite a bit,Quite a bit,Moderately,Moderately,Moderately,Quite a bit,Quite a bit,1,opednews,C,TRUE,happy,TRUE,35, I am make decision about the tweets are political oriented.,0.91697558,0.789971484,1.59923E+12,-0.632586742,0.364238163,1.59923E+12
8iC1dPQb,9/4/20,,,,,Male,White/Caucasian/European,Undergraduate,51,Slightly Conservative,Moderate,Moderately,Moderately,Moderately,Quite a bit,Quite a bit,Moderately,Moderately,Moderately,Quite a bit,Quite a bit,2,amlookout,B,TRUE,happy,FALSE,5,So same as the political topic tweets,0.936146009,0.734856498,1.59923E+12,-0.805120609,0.515984087,1.59923E+12
8iC1dPQb,9/4/20,,,,,Male,White/Caucasian/European,Undergraduate,51,Slightly Conservative,Moderate,Moderately,Moderately,Moderately,Quite a bit,Quite a bit,Moderately,Moderately,Moderately,Quite a bit,Quite a bit,3,Jerusalem_Post,H,TRUE,happy,FALSE,7,CNN take a poilitical reviews.,0.845086469,0.57430415,1.59923E+12,-0.642171957,0.450505096,1.59923E+12
8iC1dPQb,9/4/20,,,,,Male,White/Caucasian/European,Undergraduate,51,Slightly Conservative,Moderate,Moderately,Moderately,Moderately,Quite a bit,Quite a bit,Moderately,Moderately,Moderately,Quite a bit,Quite a bit,4,InvestWatchBlog,D,TRUE,happy,TRUE,5,Anti more article relatted,0.931353402,0.062303896,1.59923E+12,0.762062049,0.162948652,1.59923E+12
8iC1dPQb,9/4/20,,,,,Male,White/Caucasian/European,Undergraduate,51,Slightly Conservative,Moderate,Moderately,Moderately,Moderately,Quite a bit,Quite a bit,Moderately,Moderately,Moderately,Quite a bit,Quite a bit,5,veteranstoday,A,TRUE,happy,FALSE,9,The most of tweets are biased.,0.615041313,0.618246355,1.59923E+12,-0.675720209,0.584698176,1.59923E+12
8iC1dPQb,9/4/20,,,,,Male,White/Caucasian/European,Undergraduate,51,Slightly Conservative,Moderate,Moderately,Moderately,Moderately,Quite a bit,Quite a bit,Moderately,Moderately,Moderately,Quite a bit,Quite a bit,6,nypost,F,TRUE,happy,TRUE,8,The guy collected the 100 of mails,0.804349306,0.345067733,1.59923E+12,-0.460052876,0.594283318,1.59923E+12
QtK5eFuS,9/4/20,,,,,Female,White/Caucasian/European,Masters,41,Very Consertavite,Very Consertavite,Very slightly/Not at all,Extremely,Very slightly/Not at all,Extremely,Quite a bit,Extremely,Extremely,Very slightly/Not at all,Moderately,Extremely,0,CNNPolitics,G,FALSE,Mixed,FALSE,5,I trust the source because it is somewhat relatable,0.514396558,0.560735066,1.59923E+12,0.594320789,0.412164237,1.59923E+12
QtK5eFuS,9/4/20,,,,,Female,White/Caucasian/European,Masters,41,Very Consertavite,Very Consertavite,Very slightly/Not at all,Extremely,Very slightly/Not at all,Extremely,Quite a bit,Extremely,Extremely,Very slightly/Not at all,Moderately,Extremely,1,veteranstoday,A,FALSE,Mixed,FALSE,7,Political trust in this source is true,0.504811343,0.292349052,1.59923E+12,0.805195515,0.325897303,1.59923E+12
QtK5eFuS,9/4/20,,,,,Female,White/Caucasian/European,Masters,41,Very Consertavite,Very Consertavite,Very slightly/Not at all,Extremely,Very slightly/Not at all,Extremely,Quite a bit,Extremely,Extremely,Very slightly/Not at all,Moderately,Extremely,2,amlookout,B,FALSE,Mixed,FALSE,5,It influenced more and it has trustworthiness,0.847482772,0.023963037,1.59923E+12,0.541602108,0.616628879,1.59923E+12
QtK5eFuS,9/4/20,,,,,Female,White/Caucasian/European,Masters,41,Very Consertavite,Very Consertavite,Very slightly/Not at all,Extremely,Very slightly/Not at all,Extremely,Quite a bit,Extremely,Extremely,Very slightly/Not at all,Moderately,Extremely,3,opednews,C,FALSE,Mixed,TRUE,6,The source is real and it has trustworthiness.,0.763612143,0.321104696,1.59923E+12,0.958558952,1.905840271,1.59923E+12
QtK5eFuS,9/4/20,,,,,Female,White/Caucasian/European,Masters,41,Very Consertavite,Very Consertavite,Very slightly/Not at all,Extremely,Very slightly/Not at all,Extremely,Quite a bit,Extremely,Extremely,Very slightly/Not at all,Moderately,Extremely,4,MotherJones,E,FALSE,Mixed,TRUE,5,The source has trustworthiness,0.840293861,0.230045155,1.59923E+12,0.992107204,1.680587723,1.59923E+12
QtK5eFuS,9/4/20,,,,,Female,White/Caucasian/European,Masters,41,Very Consertavite,Very Consertavite,Very slightly/Not at all,Extremely,Very slightly/Not at all,Extremely,Quite a bit,Extremely,Extremely,Very slightly/Not at all,Moderately,Extremely,5,InvestWatchBlog,D,FALSE,Mixed,TRUE,6,I think the provided information was somewhat fake,0.01596537,0,1.59923E+12,0.210912197,0,1.59923E+12
QtK5eFuS,9/4/20,,,,,Female,White/Caucasian/European,Masters,41,Very Consertavite,Very Consertavite,Very slightly/Not at all,Extremely,Very slightly/Not at all,Extremely,Quite a bit,Extremely,Extremely,Very slightly/Not at all,Moderately,Extremely,6,nypost,F,FALSE,Mixed,FALSE,7,It has trustworthiness.,0.519189165,0,1.59923E+12,0.838743767,0,1.59923E+12
QtK5eFuS,9/4/20,,,,,Female,White/Caucasian/European,Masters,41,Very Consertavite,Very Consertavite,Very slightly/Not at all,Extremely,Very slightly/Not at all,Extremely,Quite a bit,Extremely,Extremely,Very slightly/Not at all,Moderately,Extremely,7,Jerusalem_Post,H,FALSE,Mixed,TRUE,8,The source was somewhat trusted one,0.488037217,0,1.59923E+12,-0.019132958,0,1.59923E+12
ZLgSfOj9,9/4/20,,,,,Male,White/Caucasian/European,Undergraduate,34,Slightly Conservative,Slightly Conservative,Very slightly/Not at all,Quite a bit,Moderately,Extremely,Very slightly/Not at all,Quite a bit,Very slightly/Not at all,Very slightly/Not at all,Very slightly/Not at all,Very slightly/Not at all,0,Jerusalem_Post,H,FALSE,Mixed,FALSE,6,Based on the statements credibility.,0.756423232,0.3882012,1.59926E+12,0.742891619,1.412201708,1.59926E+12
ZLgSfOj9,9/4/20,,,,,Male,White/Caucasian/European,Undergraduate,34,Slightly Conservative,Slightly Conservative,Very slightly/Not at all,Quite a bit,Moderately,Extremely,Very slightly/Not at all,Quite a bit,Very slightly/Not at all,Very slightly/Not at all,Very slightly/Not at all,Very slightly/Not at all,1,nypost,F,FALSE,Mixed,TRUE,6,facial expressions makes me to select this decision.,0.857067987,0.215667333,1.59926E+12,0.517639071,0.565527674,1.59926E+12
ZLgSfOj9,9/4/20,,,,,Male,White/Caucasian/European,Undergraduate,34,Slightly Conservative,Slightly Conservative,Very slightly/Not at all,Quite a bit,Moderately,Extremely,Very slightly/Not at all,Quite a bit,Very slightly/Not at all,Very slightly/Not at all,Very slightly/Not at all,Very slightly/Not at all,2,veteranstoday,A,FALSE,Mixed,TRUE,5,Facial expressions.,0.679741513,0.177326474,1.59926E+12,0.416994316,0.440919881,1.59926E+12
ZLgSfOj9,9/4/20,,,,,Male,White/Caucasian/European,Undergraduate,34,Slightly Conservative,Slightly Conservative,Very slightly/Not at all,Quite a bit,Moderately,Extremely,Very slightly/Not at all,Quite a bit,Very slightly/Not at all,Very slightly/Not at all,Very slightly/Not at all,Very slightly/Not at all,3,CNNPolitics,G,FALSE,Mixed,TRUE,5,By the Facial expressions.,0.708497158,0.397786414,1.59926E+12,0.517639071,0.086266933,1.59926E+12
ZLgSfOj9,9/4/20,,,,,Male,White/Caucasian/European,Undergraduate,34,Slightly Conservative,Slightly Conservative,Very slightly/Not at all,Quite a bit,Moderately,Extremely,Very slightly/Not at all,Quite a bit,Very slightly/Not at all,Very slightly/Not at all,Very slightly/Not at all,Very slightly/Not at all,4,MotherJones,E,FALSE,Mixed,FALSE,5,None,0.562322632,0.254008192,1.59926E+12,0.162986123,0.335482518,1.59926E+12
ZLgSfOj9,9/4/20,,,,,Male,White/Caucasian/European,Undergraduate,34,Slightly Conservative,Slightly Conservative,Very slightly/Not at all,Quite a bit,Moderately,Extremely,Very slightly/Not at all,Quite a bit,Very slightly/Not at all,Very slightly/Not at all,Very slightly/Not at all,Very slightly/Not at all,5,amlookout,B,FALSE,Mixed,TRUE,6,post accuracy.,0.758819536,0.143778222,1.59926E+12,0.532016893,0.402579022,1.59926E+12
ZLgSfOj9,9/4/20,,,,,Male,White/Caucasian/European,Undergraduate,34,Slightly Conservative,Slightly Conservative,Very slightly/Not at all,Quite a bit,Moderately,Extremely,Very slightly/Not at all,Quite a bit,Very slightly/Not at all,Very slightly/Not at all,Very slightly/Not at all,Very slightly/Not at all,6,opednews,C,FALSE,Mixed,FALSE,6,Based on the post accuracy.,0.679741513,0.186911689,1.59926E+12,0.273216093,0.2588008,1.59926E+12
ZLgSfOj9,9/4/20,,,,,Male,White/Caucasian/European,Undergraduate,34,Slightly Conservative,Slightly Conservative,Very slightly/Not at all,Quite a bit,Moderately,Extremely,Very slightly/Not at all,Quite a bit,Very slightly/Not at all,Very slightly/Not at all,Very slightly/Not at all,Very slightly/Not at all,7,InvestWatchBlog,D,FALSE,Mixed,FALSE,6,Based on the post accuracy.,0.660571084,0.158156044,1.59926E+12,0.292386523,0.230045155,1.59926E+12
YvHue455,9/4/20,0.900905879,0.004080467,,,Female,White/Caucasian/European,Undergraduate,35,Very Consertavite,Slightly Conservative,Quite a bit,Quite a bit,Quite a bit,Quite a bit,Extremely,Quite a bit,Extremely,Extremely,Quite a bit,Extremely,0,veteranstoday,A,FALSE,Mixed,TRUE,7,8 tweets i have see and take the decision,0.881031024,0.696515639,1.59923E+12,0.718928582,1.249253056,1.59923E+12
YvHue455,9/4/20,0.900905879,0.004080467,,,Female,White/Caucasian/European,Undergraduate,35,Very Consertavite,Slightly Conservative,Quite a bit,Quite a bit,Quite a bit,Quite a bit,Extremely,Quite a bit,Extremely,Extremely,Quite a bit,Extremely,1,nypost,F,FALSE,Mixed,FALSE,8,I have seen the text on the tweets,0.845086469,0.686930424,1.59923E+12,-0.694890639,0.584698103,1.59923E+12
YvHue455,9/4/20,0.900905879,0.004080467,,,Female,White/Caucasian/European,Undergraduate,35,Very Consertavite,Slightly Conservative,Quite a bit,Quite a bit,Quite a bit,Quite a bit,Extremely,Quite a bit,Extremely,Extremely,Quite a bit,Extremely,2,CNNPolitics,G,FALSE,Mixed,TRUE,8,I have seen the tweets was images and text is good,0.885823632,0.737252802,1.59923E+12,0.819573337,0.325897303,1.59923E+12
YvHue455,9/4/20,0.900905879,0.004080467,,,Female,White/Caucasian/European,Undergraduate,35,Very Consertavite,Slightly Conservative,Quite a bit,Quite a bit,Quite a bit,Quite a bit,Extremely,Quite a bit,Extremely,Extremely,Quite a bit,Extremely,3,MotherJones,E,FALSE,Mixed,FALSE,6,I have seen the tweets was tweeter remaining,0.346655299,0.282763873,1.59923E+12,-0.699683246,0.527186814,1.59923E+12
YvHue455,9/4/20,0.900905879,0.004080467,,,Female,White/Caucasian/European,Undergraduate,35,Very Consertavite,Slightly Conservative,Quite a bit,Quite a bit,Quite a bit,Quite a bit,Extremely,Quite a bit,Extremely,Extremely,Quite a bit,Extremely,4,Jerusalem_Post,H,FALSE,Mixed,TRUE,6,I have seen the some of political images and the texts,0.813934521,0.162948652,1.59923E+12,-0.019132958,0.249215585,1.59923E+12
YvHue455,9/4/20,0.900905879,0.004080467,,,Female,White/Caucasian/European,Undergraduate,35,Very Consertavite,Slightly Conservative,Quite a bit,Quite a bit,Quite a bit,Quite a bit,Extremely,Quite a bit,Extremely,Extremely,Quite a bit,Extremely,5,opednews,C,FALSE,Mixed,FALSE,7,I have seen the some of the political texts,0.825916039,0.115022578,1.59923E+12,-0.07185164,0.23963037,1.59923E+12
YvHue455,9/4/20,0.900905879,0.004080467,,,Female,White/Caucasian/European,Undergraduate,35,Very Consertavite,Slightly Conservative,Quite a bit,Quite a bit,Quite a bit,Quite a bit,Extremely,Quite a bit,Extremely,Extremely,Quite a bit,Extremely,6,amlookout,B,FALSE,Mixed,TRUE,7,I have seen the some of the suggestion and political text and images,0.720478676,0.244422978,1.59923E+12,0.306764345,0.268386015,1.59923E+12
YvHue455,9/4/20,0.900905879,0.004080467,,,Female,White/Caucasian/European,Undergraduate,35,Very Consertavite,Slightly Conservative,Quite a bit,Quite a bit,Quite a bit,Quite a bit,Extremely,Quite a bit,Extremely,Extremely,Quite a bit,Extremely,7,InvestWatchBlog,D,FALSE,Mixed,FALSE,10,I have seen the some images and texts,0.789971484,0.330689911,1.59923E+12,-0.014340351,0.076681718,1.59923E+12
c4zuT2w9,9/4/20,0.992910134,0.983773709,0.003892118,0.259712019,Female,"East Asian e.g. Chinese, Japanese, South-East Asian",Undergraduate,25,Moderate,Moderate,Very slightly/Not at all,A little,A little,Quite a bit,Very slightly/Not at all,Moderately,Very slightly/Not at all,Very slightly/Not at all,,Very slightly/Not at all,0,InvestWatchBlog,D,FALSE,Mixed,TRUE,5,tweets are very conservative and biased toward liberals ,0.075856901,0.110229273,1.59923E+12,0.785982632,0.220458546,1.59923E+12
c4zuT2w9,9/4/20,0.992910134,0.983773709,0.003892118,0.259712019,Female,"East Asian e.g. Chinese, Japanese, South-East Asian",Undergraduate,25,Moderate,Moderate,Very slightly/Not at all,A little,A little,Quite a bit,Very slightly/Not at all,Moderately,Very slightly/Not at all,Very slightly/Not at all,,Very slightly/Not at all,1,MotherJones,E,FALSE,Mixed,TRUE,6,tweets mock Republicans and favor liberals,0.490414805,0.234836277,1.59923E+12,-0.254006667,0.42174671,1.59923E+12
c4zuT2w9,9/4/20,0.992910134,0.983773709,0.003892118,0.259712019,Female,"East Asian e.g. Chinese, Japanese, South-East Asian",Undergraduate,25,Moderate,Moderate,Very slightly/Not at all,A little,A little,Quite a bit,Very slightly/Not at all,Moderately,Very slightly/Not at all,Very slightly/Not at all,,Very slightly/Not at all,2,CNNPolitics,G,FALSE,Mixed,FALSE,5,almost all tweets are pure facts,0.801932352,0.086266387,1.59923E+12,-8.19E-08,0.335480396,1.59923E+12
c4zuT2w9,9/4/20,0.992910134,0.983773709,0.003892118,0.259712019,Female,"East Asian e.g. Chinese, Japanese, South-East Asian",Undergraduate,25,Moderate,Moderate,Very slightly/Not at all,A little,A little,Quite a bit,Very slightly/Not at all,Moderately,Very slightly/Not at all,Very slightly/Not at all,,Very slightly/Not at all,3,Jerusalem_Post,H,FALSE,Mixed,TRUE,5,all tweets are facts,0.499999959,0.009585154,1.59923E+12,-8.19E-08,0.067096079,1.59923E+12
c4zuT2w9,9/4/20,0.992910134,0.983773709,0.003892118,0.259712019,Female,"East Asian e.g. Chinese, Japanese, South-East Asian",Undergraduate,25,Moderate,Moderate,Very slightly/Not at all,A little,A little,Quite a bit,Very slightly/Not at all,Moderately,Very slightly/Not at all,Very slightly/Not at all,,Very slightly/Not at all,4,nypost,F,FALSE,Mixed,FALSE,5,tweets are news that favor the left,0.677325348,0.062303502,1.59923E+12,-0.076681315,0.134192158,1.59923E+12
c4zuT2w9,9/4/20,0.992910134,0.983773709,0.003892118,0.259712019,Female,"East Asian e.g. Chinese, Japanese, South-East Asian",Undergraduate,25,Moderate,Moderate,Very slightly/Not at all,A little,A little,Quite a bit,Very slightly/Not at all,Moderately,Very slightly/Not at all,Very slightly/Not at all,,Very slightly/Not at all,5,amlookout,B,FALSE,Mixed,FALSE,5,tweets are rumors that favor the Republicans,0.473640785,0.023962885,1.59923E+12,0.498428008,0.086266387,1.59923E+12
c4zuT2w9,9/4/20,0.992910134,0.983773709,0.003892118,0.259712019,Female,"East Asian e.g. Chinese, Japanese, South-East Asian",Undergraduate,25,Moderate,Moderate,Very slightly/Not at all,A little,A little,Quite a bit,Very slightly/Not at all,Moderately,Very slightly/Not at all,Very slightly/Not at all,,Very slightly/Not at all,6,veteranstoday,A,FALSE,Mixed,TRUE,5,all tweets are just news,0.78755462,0.009585154,1.59923E+12,0.009585072,0.057510925,1.59923E+12
c4zuT2w9,9/4/20,0.992910134,0.983773709,0.003892118,0.259712019,Female,"East Asian e.g. Chinese, Japanese, South-East Asian",Undergraduate,25,Moderate,Moderate,Very slightly/Not at all,A little,A little,Quite a bit,Very slightly/Not at all,Moderately,Very slightly/Not at all,Very slightly/Not at all,,Very slightly/Not at all,7,opednews,C,FALSE,Mixed,FALSE,5,tweets are news favor the left,0.624607,0.033548113,1.59923E+12,-0.100644201,0.047925771,1.59923E+12
r8MSsSKX,9/4/20,0.992716382,0.849900044,0.003203166,0.158260904,Male,African American/Black,Masters,30,Slightly liberal,Slightly liberal,,Extremely,Extremely,Extremely,Very slightly/Not at all,,Very slightly/Not at all,Very slightly/Not at all,Very slightly/Not at all,Quite a bit,0,amlookout,B,FALSE,Mixed,FALSE,5,Most of the twits had pessimistic view.,0.447300054,0.249215585,1.59923E+12,-0.086229462,0.143778222,1.59923E+12
r8MSsSKX,9/4/20,0.992716382,0.849900044,0.003203166,0.158260904,Male,African American/Black,Masters,30,Slightly liberal,Slightly liberal,,Extremely,Extremely,Extremely,Very slightly/Not at all,,Very slightly/Not at all,Very slightly/Not at all,Very slightly/Not at all,Quite a bit,1,nypost,F,FALSE,Mixed,TRUE,5,The twits and the images were somehow rhyming with the content in the twits.,0.569511543,0.153363437,1.59923E+12,0.268423486,0.460090311,1.59923E+12
r8MSsSKX,9/4/20,0.992716382,0.849900044,0.003203166,0.158260904,Male,African American/Black,Masters,30,Slightly liberal,Slightly liberal,,Extremely,Extremely,Extremely,Very slightly/Not at all,,Very slightly/Not at all,Very slightly/Not at all,Very slightly/Not at all,Quite a bit,2,InvestWatchBlog,D,FALSE,Mixed,TRUE,5,The content in the twits and the images too was  somehow realistic.,0.57430415,0.081474326,1.59923E+12,0.282801308,0.172533867,1.59923E+12
r8MSsSKX,9/4/20,0.992716382,0.849900044,0.003203166,0.158260904,Male,African American/Black,Masters,30,Slightly liberal,Slightly liberal,,Extremely,Extremely,Extremely,Very slightly/Not at all,,Very slightly/Not at all,Very slightly/Not at all,Very slightly/Not at all,Quite a bit,3,veteranstoday,A,FALSE,Mixed,FALSE,6,The message in most of the twits is realistic.,0.763612143,0.182119081,1.59923E+12,0.570357752,0.508016385,1.59923E+12
r8MSsSKX,9/4/20,0.992716382,0.849900044,0.003203166,0.158260904,Male,African American/Black,Masters,30,Slightly liberal,Slightly liberal,,Extremely,Extremely,Extremely,Very slightly/Not at all,,Very slightly/Not at all,Very slightly/Not at all,Very slightly/Not at all,Quite a bit,4,MotherJones,E,FALSE,Mixed,TRUE,5,Most of the twits are realistic.,0.61264501,0.244422978,1.59923E+12,0.153400908,0.642209392,1.59923E+12
r8MSsSKX,9/4/20,0.992716382,0.849900044,0.003203166,0.158260904,Male,African American/Black,Masters,30,Slightly liberal,Slightly liberal,,Extremely,Extremely,Extremely,Very slightly/Not at all,,Very slightly/Not at all,Very slightly/Not at all,Very slightly/Not at all,Quite a bit,5,CNNPolitics,G,FALSE,Mixed,FALSE,5,most of the twits seemed to be a true view.,0.576700454,0.11022997,1.59923E+12,0.119852657,0.277971229,1.59923E+12
r8MSsSKX,9/4/20,0.992716382,0.849900044,0.003203166,0.158260904,Male,African American/Black,Masters,30,Slightly liberal,Slightly liberal,,Extremely,Extremely,Extremely,Very slightly/Not at all,,Very slightly/Not at all,Very slightly/Not at all,Very slightly/Not at all,Quite a bit,6,Jerusalem_Post,H,FALSE,Mixed,FALSE,5,most of the twits were not realistic,0.361033121,0.124607829,1.59923E+12,-0.306689402,0.546357317,1.59923E+12
r8MSsSKX,9/4/20,0.992716382,0.849900044,0.003203166,0.158260904,Male,African American/Black,Masters,30,Slightly liberal,Slightly liberal,,Extremely,Extremely,Extremely,Very slightly/Not at all,,Very slightly/Not at all,Very slightly/Not at all,Very slightly/Not at all,Quite a bit,7,opednews,C,FALSE,Mixed,TRUE,6,most of the twits seemed true,0.588681973,0.143778222,1.59923E+12,0.124645264,0.364238163,1.59923E+12
ZrlGVGE9,9/4/20,0.419410796,0.359081079,0.552025967,0.432529481,Female,White/Caucasian/European,Undergraduate,36,Slightly Conservative,Moderate,Very slightly/Not at all,Quite a bit,A little,Extremely,Quite a bit,Quite a bit,Moderately,Moderately,A little,A little,0,opednews,C,TRUE,happy,TRUE,7,Have more trustworthiness,0.540755899,0.292349052,1.59923E+12,0.354690419,0.862669333,1.59923E+12
ZrlGVGE9,9/4/20,0.419410796,0.359081079,0.552025967,0.432529481,Female,White/Caucasian/European,Undergraduate,36,Slightly Conservative,Moderate,Very slightly/Not at all,Quite a bit,A little,Extremely,Quite a bit,Quite a bit,Moderately,Moderately,A little,A little,1,nypost,F,TRUE,happy,FALSE,9,Somewhat acceptable,0.416148106,0.287556444,1.59923E+12,0.119852657,0.709305896,1.59923E+12
ZrlGVGE9,9/4/20,0.419410796,0.359081079,0.552025967,0.432529481,Female,White/Caucasian/European,Undergraduate,36,Slightly Conservative,Moderate,Very slightly/Not at all,Quite a bit,A little,Extremely,Quite a bit,Quite a bit,Moderately,Moderately,A little,A little,2,Jerusalem_Post,H,TRUE,happy,TRUE,6,Not have enough content,0.444903751,0.402579058,1.59923E+12,-0.009547743,0.75723197,1.59923E+12
ZrlGVGE9,9/4/20,0.419410796,0.359081079,0.552025967,0.432529481,Female,White/Caucasian/European,Undergraduate,36,Slightly Conservative,Moderate,Very slightly/Not at all,Quite a bit,A little,Extremely,Quite a bit,Quite a bit,Moderately,Moderately,A little,A little,3,CNNPolitics,G,TRUE,happy,TRUE,6,Understand easily,0.533566988,0.306726874,1.59923E+12,-0.062266425,0.862669333,1.59923E+12
ZrlGVGE9,9/4/20,0.419410796,0.359081079,0.552025967,0.432529481,Female,White/Caucasian/European,Undergraduate,36,Slightly Conservative,Moderate,Very slightly/Not at all,Quite a bit,A little,Extremely,Quite a bit,Quite a bit,Moderately,Moderately,A little,A little,4,amlookout,B,TRUE,happy,FALSE,9,Easy to understand,0.746838017,0.364238163,1.59923E+12,0.551187323,0.913770538,1.59923E+12
ZrlGVGE9,9/4/20,0.419410796,0.359081079,0.552025967,0.432529481,Female,White/Caucasian/European,Undergraduate,36,Slightly Conservative,Moderate,Very slightly/Not at all,Quite a bit,A little,Extremely,Quite a bit,Quite a bit,Moderately,Moderately,A little,A little,5,veteranstoday,A,TRUE,happy,FALSE,11,Somewhat good,0.468866788,0.36903077,1.59923E+12,0.393031279,0.613453748,1.59923E+12
ZrlGVGE9,9/4/20,0.419410796,0.359081079,0.552025967,0.432529481,Female,White/Caucasian/European,Undergraduate,36,Slightly Conservative,Moderate,Very slightly/Not at all,Quite a bit,A little,Extremely,Quite a bit,Quite a bit,Moderately,Moderately,A little,A little,6,MotherJones,E,TRUE,happy,FALSE,8,Want more explanation,0.583889365,0.383408592,1.59923E+12,0.349897812,0.766817184,1.59923E+12
ZrlGVGE9,9/4/20,0.419410796,0.359081079,0.552025967,0.432529481,Female,White/Caucasian/European,Undergraduate,36,Slightly Conservative,Moderate,Very slightly/Not at all,Quite a bit,A little,Extremely,Quite a bit,Quite a bit,Moderately,Moderately,A little,A little,7,InvestWatchBlog,D,TRUE,happy,TRUE,8,Very good,0.471263091,0.273178622,1.59923E+12,0.306764345,0.670965036,1.59923E+12
meIktrn2,9/4/20,0.813175842,0.171379606,0.680560671,0.110172604,Female,White/Caucasian/European,Masters,26,Slightly Conservative,Moderate,Moderately,Quite a bit,Extremely,Moderately,Moderately,Quite a bit,Quite a bit,Quite a bit,Moderately,Quite a bit,0,InvestWatchBlog,D,FALSE,Mixed,FALSE,6,the content of tweet influenced my decision,0.665363691,0.071889111,1.59923E+12,0.177363945,0,1.59923E+12
meIktrn2,9/4/20,0.813175842,0.171379606,0.680560671,0.110172604,Female,White/Caucasian/European,Masters,26,Slightly Conservative,Moderate,Moderately,Quite a bit,Extremely,Moderately,Moderately,Quite a bit,Quite a bit,Quite a bit,Moderately,Quite a bit,1,veteranstoday,A,FALSE,Mixed,FALSE,6,the description made my influence,0.679741513,0.009585215,1.59923E+12,0.364275634,0.057511289,1.59923E+12
meIktrn2,9/4/20,0.813175842,0.171379606,0.680560671,0.110172604,Female,White/Caucasian/European,Masters,26,Slightly Conservative,Moderate,Moderately,Quite a bit,Extremely,Moderately,Moderately,Quite a bit,Quite a bit,Quite a bit,Moderately,Quite a bit,2,CNNPolitics,G,FALSE,Mixed,TRUE,6,content,0.605456099,0,1.59923E+12,0.359483027,0,1.59923E+12
meIktrn2,9/4/20,0.813175842,0.171379606,0.680560671,0.110172604,Female,White/Caucasian/European,Masters,26,Slightly Conservative,Moderate,Moderately,Quite a bit,Extremely,Moderately,Moderately,Quite a bit,Quite a bit,Quite a bit,Moderately,Quite a bit,3,opednews,C,FALSE,Mixed,TRUE,6,content,0.555133721,0,1.59923E+12,0.306764345,0,1.59923E+12
meIktrn2,9/4/20,0.813175842,0.171379606,0.680560671,0.110172604,Female,White/Caucasian/European,Masters,26,Slightly Conservative,Moderate,Moderately,Quite a bit,Extremely,Moderately,Moderately,Quite a bit,Quite a bit,Quite a bit,Moderately,Quite a bit,4,Jerusalem_Post,H,FALSE,Mixed,FALSE,6,description,0.648589565,0,1.59923E+12,0.244460449,0,1.59923E+12
meIktrn2,9/4/20,0.813175842,0.171379606,0.680560671,0.110172604,Female,White/Caucasian/European,Masters,26,Slightly Conservative,Moderate,Moderately,Quite a bit,Extremely,Moderately,Moderately,Quite a bit,Quite a bit,Quite a bit,Moderately,Quite a bit,5,MotherJones,E,FALSE,Mixed,FALSE,6,content,0.552737417,0,1.59923E+12,0.512846464,0,1.59923E+12
meIktrn2,9/4/20,0.813175842,0.171379606,0.680560671,0.110172604,Female,White/Caucasian/European,Masters,26,Slightly Conservative,Moderate,Moderately,Quite a bit,Extremely,Moderately,Moderately,Quite a bit,Quite a bit,Quite a bit,Moderately,Quite a bit,6,amlookout,B,FALSE,Mixed,TRUE,5,description,0.615041313,0,1.59923E+12,0.407409101,0,1.59923E+12
U0CL05FC,9/4/20,0.971839176,0.757675848,0.194732243,0.106061839,Female,White/Caucasian/European,Masters,35,Moderate,Slightly liberal,Very slightly/Not at all,Quite a bit,Extremely,Extremely,Quite a bit,Extremely,A little,Very slightly/Not at all,Very slightly/Not at all,,0,opednews,C,TRUE,angry,FALSE,11,the tweet is more about right party negativeness,0.375390877,0.493643718,1.59923E+12,-0.35465671,0.738069248,1.59923E+12
U0CL05FC,9/4/20,0.971839176,0.757675848,0.194732243,0.106061839,Female,White/Caucasian/European,Masters,35,Moderate,Slightly liberal,Very slightly/Not at all,Quite a bit,Extremely,Extremely,Quite a bit,Extremely,A little,Very slightly/Not at all,Very slightly/Not at all,,1,amlookout,B,TRUE,angry,FALSE,6,the tweet is more about democratic party and its skillfulness,0.322671645,0.392997911,1.59923E+12,-0.239632931,0.46968043,1.59923E+12
U0CL05FC,9/4/20,0.971839176,0.757675848,0.194732243,0.106061839,Female,White/Caucasian/European,Masters,35,Moderate,Slightly liberal,Very slightly/Not at all,Quite a bit,Extremely,Extremely,Quite a bit,Extremely,A little,Very slightly/Not at all,Very slightly/Not at all,,2,Jerusalem_Post,H,TRUE,angry,FALSE,7,The tweet is about the daily affairs  and not regarding the political parties,0.476036683,0.493643718,1.59923E+12,0.081475118,0.738069248,1.59923E+12
U0CL05FC,9/4/20,0.971839176,0.757675848,0.194732243,0.106061839,Female,White/Caucasian/European,Masters,35,Moderate,Slightly liberal,Very slightly/Not at all,Quite a bit,Extremely,Extremely,Quite a bit,Extremely,A little,Very slightly/Not at all,Very slightly/Not at all,,3,nypost,F,TRUE,angry,TRUE,6,The tweet mostly related to right party and their decisions on movement,0.600645777,0.201291613,1.59923E+12,0.316315333,0.517607005,1.59923E+12
U0CL05FC,9/4/20,0.971839176,0.757675848,0.194732243,0.106061839,Female,White/Caucasian/European,Masters,35,Moderate,Slightly liberal,Very slightly/Not at all,Quite a bit,Extremely,Extremely,Quite a bit,Extremely,A little,Very slightly/Not at all,Very slightly/Not at all,,4,MotherJones,E,TRUE,angry,FALSE,5,The tweet is related to president actions on various political matters,0.658157667,0.182120983,1.59923E+12,0.460095057,0.738069248,1.59923E+12
U0CL05FC,9/4/20,0.971839176,0.757675848,0.194732243,0.106061839,Female,White/Caucasian/European,Masters,35,Moderate,Slightly liberal,Very slightly/Not at all,Quite a bit,Extremely,Extremely,Quite a bit,Extremely,A little,Very slightly/Not at all,Very slightly/Not at all,,5,InvestWatchBlog,D,TRUE,angry,TRUE,5,the images and the tweet refers to daily happenings and mostly not about the political party,0.423317452,0.268388817,1.59923E+12,0.17253561,0.613460154,1.59923E+12
U0CL05FC,9/4/20,0.971839176,0.757675848,0.194732243,0.106061839,Female,White/Caucasian/European,Masters,35,Moderate,Slightly liberal,Very slightly/Not at all,Quite a bit,Extremely,Extremely,Quite a bit,Extremely,A little,Very slightly/Not at all,Very slightly/Not at all,,6,veteranstoday,A,TRUE,angry,TRUE,5,this images and the tweets are about and against the negativity of the right political party,0.598249449,0.254010845,1.59923E+12,0.469680372,0.603874839,1.59923E+12
U0CL05FC,9/4/20,0.971839176,0.757675848,0.194732243,0.106061839,Female,White/Caucasian/European,Masters,35,Moderate,Slightly liberal,Very slightly/Not at all,Quite a bit,Extremely,Extremely,Quite a bit,Extremely,A little,Very slightly/Not at all,Very slightly/Not at all,,7,CNNPolitics,G,TRUE,angry,TRUE,5,this images and the tweet about the democrat party and few about the party leaders,0.61502375,0.359449309,1.59923E+12,-0.436131887,0.613460154,1.59923E+12
ErqjigK6,9/4/20,0.997724677,0.888022093,0.000243774,0.014464479,Female,White/Caucasian/European,Undergraduate,25,Very liberal,Very liberal,Very slightly/Not at all,Very slightly/Not at all,Very slightly/Not at all,Moderately,Very slightly/Not at all,Quite a bit,Very slightly/Not at all,Very slightly/Not at all,Very slightly/Not at all,Moderately,0,CNNPolitics,G,FALSE,Mixed,FALSE,7,It's mostly just neutral presentation of facts,0.490414872,0,1.59923E+12,-0.023962834,0,1.59923E+12
ErqjigK6,9/4/20,0.997724677,0.888022093,0.000243774,0.014464479,Female,White/Caucasian/European,Undergraduate,25,Very liberal,Very liberal,Very slightly/Not at all,Very slightly/Not at all,Very slightly/Not at all,Moderately,Very slightly/Not at all,Quite a bit,Very slightly/Not at all,Very slightly/Not at all,Very slightly/Not at all,Moderately,1,veteranstoday,A,FALSE,Mixed,TRUE,6,It was mostly just a neutral presentation of information / articles.,0.502396315,0,1.59923E+12,-0.014377679,0,1.59923E+12
ErqjigK6,9/4/20,0.997724677,0.888022093,0.000243774,0.014464479,Female,White/Caucasian/European,Undergraduate,25,Very liberal,Very liberal,Very slightly/Not at all,Very slightly/Not at all,Very slightly/Not at all,Moderately,Very slightly/Not at all,Quite a bit,Very slightly/Not at all,Very slightly/Not at all,Very slightly/Not at all,Moderately,2,nypost,F,FALSE,Mixed,TRUE,6,There wasn't anything to explicitly political or opinionated,0.497603738,0.009585155,1.59923E+12,0.00479263,0,1.59923E+12
ErqjigK6,9/4/20,0.997724677,0.888022093,0.000243774,0.014464479,Female,White/Caucasian/European,Undergraduate,25,Very liberal,Very liberal,Very slightly/Not at all,Very slightly/Not at all,Very slightly/Not at all,Moderately,Very slightly/Not at all,Quite a bit,Very slightly/Not at all,Very slightly/Not at all,Very slightly/Not at all,Moderately,3,MotherJones,E,FALSE,Mixed,TRUE,6,There wasn't any clear coherent political agenda made clear,0.507188892,0,1.59923E+12,0.019170362,0,1.59923E+12
ErqjigK6,9/4/20,0.997724677,0.888022093,0.000243774,0.014464479,Female,White/Caucasian/European,Undergraduate,25,Very liberal,Very liberal,Very slightly/Not at all,Very slightly/Not at all,Very slightly/Not at all,Moderately,Very slightly/Not at all,Quite a bit,Very slightly/Not at all,Very slightly/Not at all,Very slightly/Not at all,Moderately,4,Jerusalem_Post,H,FALSE,Mixed,FALSE,6,It was mostly just reporting articles with no clear opinionated statements,0.500000026,0.004792577,1.59923E+12,0.043133249,0.028755464,1.59923E+12
ErqjigK6,9/4/20,0.997724677,0.888022093,0.000243774,0.014464479,Female,White/Caucasian/European,Undergraduate,25,Very liberal,Very liberal,Very slightly/Not at all,Very slightly/Not at all,Very slightly/Not at all,Moderately,Very slightly/Not at all,Quite a bit,Very slightly/Not at all,Very slightly/Not at all,Very slightly/Not at all,Moderately,5,amlookout,B,FALSE,Mixed,TRUE,5,Just articles with no clear opinionated statements,0.507188892,0,1.59923E+12,-0.009585102,0,1.59923E+12
ErqjigK6,9/4/20,0.997724677,0.888022093,0.000243774,0.014464479,Female,White/Caucasian/European,Undergraduate,25,Very liberal,Very liberal,Very slightly/Not at all,Very slightly/Not at all,Very slightly/Not at all,Moderately,Very slightly/Not at all,Quite a bit,Very slightly/Not at all,Very slightly/Not at all,Very slightly/Not at all,Moderately,6,InvestWatchBlog,D,FALSE,Mixed,FALSE,5,Pretty clearly sharing stuff in a way that is framed to favor republicans over democrats,0.118990125,0.019170309,1.59923E+12,0.675753462,0,1.59923E+12
ErqjigK6,9/4/20,0.997724677,0.888022093,0.000243774,0.014464479,Female,White/Caucasian/European,Undergraduate,25,Very liberal,Very liberal,Very slightly/Not at all,Very slightly/Not at all,Very slightly/Not at all,Moderately,Very slightly/Not at all,Quite a bit,Very slightly/Not at all,Very slightly/Not at all,Very slightly/Not at all,Moderately,7,opednews,C,FALSE,Mixed,FALSE,5,neutral presentation of articles,0.509585181,0,1.59923E+12,-0.004792525,0,1.59923E+12
rChphIlQ,9/4/20,,,,,Female,African American/Black,Undergraduate,27,Slightly liberal,Very liberal,Very slightly/Not at all,A little,Moderately,Moderately,Very slightly/Not at all,Moderately,Very slightly/Not at all,Very slightly/Not at all,Very slightly/Not at all,Moderately,0,opednews,C,FALSE,Mixed,TRUE,9,I based my judgement on the pictures and the text.,0.80674561,0.335482518,1.59923E+12,-0.992032298,0.640591916,1.59923E+12
rChphIlQ,9/4/20,,,,,Female,African American/Black,Undergraduate,27,Slightly liberal,Very liberal,Very slightly/Not at all,A little,Moderately,Moderately,Very slightly/Not at all,Moderately,Very slightly/Not at all,Very slightly/Not at all,Very slightly/Not at all,Moderately,1,InvestWatchBlog,D,FALSE,Mixed,TRUE,6,the text assist in the decision making.,0.940938617,0.857067987,1.59923E+12,0.742891619,0.306726874,1.59923E+12
rChphIlQ,9/4/20,,,,,Female,African American/Black,Undergraduate,27,Slightly liberal,Very liberal,Very slightly/Not at all,A little,Moderately,Moderately,Very slightly/Not at all,Moderately,Very slightly/Not at all,Very slightly/Not at all,Very slightly/Not at all,Moderately,2,nypost,F,FALSE,Mixed,FALSE,5,The text is enough to make decision.,0.921768187,0.809141913,1.59923E+12,-0.004755136,0.5176016,1.59923E+12
rChphIlQ,9/4/20,,,,,Female,African American/Black,Undergraduate,27,Slightly liberal,Very liberal,Very slightly/Not at all,A little,Moderately,Moderately,Very slightly/Not at all,Moderately,Very slightly/Not at all,Very slightly/Not at all,Very slightly/Not at all,Moderately,3,MotherJones,E,FALSE,Mixed,FALSE,5,the text is sufficient to make decision.,0.83310495,0.172533867,1.59924E+12,0.809988123,1.565565145,1.59924E+12
rChphIlQ,9/4/20,,,,,Female,African American/Black,Undergraduate,27,Slightly liberal,Very liberal,Very slightly/Not at all,A little,Moderately,Moderately,Very slightly/Not at all,Moderately,Very slightly/Not at all,Very slightly/Not at all,Very slightly/Not at all,Moderately,4,CNNPolitics,G,FALSE,Mixed,TRUE,5,The picture help to make decisions.,0.96250535,0.845086469,1.59924E+12,0.872292019,1.627869041,1.59924E+12
rChphIlQ,9/4/20,,,,,Female,African American/Black,Undergraduate,27,Slightly liberal,Very liberal,Very slightly/Not at all,A little,Moderately,Moderately,Very slightly/Not at all,Moderately,Very slightly/Not at all,Very slightly/Not at all,Very slightly/Not at all,Moderately,5,Jerusalem_Post,H,FALSE,Mixed,TRUE,5,the picture and the text helps to make decision.,0.976883172,0.907390365,1.59924E+12,0.929803308,1.728513797,1.59924E+12
rChphIlQ,9/4/20,,,,,Female,African American/Black,Undergraduate,27,Slightly liberal,Very liberal,Very slightly/Not at all,A little,Moderately,Moderately,Very slightly/Not at all,Moderately,Very slightly/Not at all,Very slightly/Not at all,Very slightly/Not at all,Moderately,6,veteranstoday,A,FALSE,Mixed,FALSE,5,Just followed my instincts.,0.938542313,0.859464291,1.59924E+12,-0.872217112,0.367413258,1.59924E+12
rChphIlQ,9/4/20,,,,,Female,African American/Black,Undergraduate,27,Slightly liberal,Very liberal,Very slightly/Not at all,A little,Moderately,Moderately,Very slightly/Not at all,Moderately,Very slightly/Not at all,Very slightly/Not at all,Very slightly/Not at all,Moderately,7,amlookout,B,FALSE,Mixed,FALSE,5,The text is the main influence.,0.912182972,0.124607792,1.59924E+12,0.987314597,1.781232478,1.59924E+12
yEenLS8X,9/4/20,0.760320207,0.271638474,0.612153766,0.205786723,Male,White/Caucasian/European,Undergraduate,30,Moderate,Slightly Conservative,Moderately,Quite a bit,Moderately,Quite a bit,Moderately,Quite a bit,Moderately,Quite a bit,A little,Moderately,0,Jerusalem_Post,H,FALSE,Mixed,FALSE,95,Effective way to interact with  audience followers be the tiebreaker on a decision,0.849879076,0,1.59924E+12,0.512846464,0,1.59924E+12
yEenLS8X,9/4/20,0.760320207,0.271638474,0.612153766,0.205786723,Male,White/Caucasian/European,Undergraduate,30,Moderate,Slightly Conservative,Moderately,Quite a bit,Moderately,Quite a bit,Moderately,Quite a bit,Moderately,Quite a bit,A little,Moderately,1,nypost,F,FALSE,Mixed,TRUE,97,Text and images will be different,0.713289765,0.004792607,1.59924E+12,0.18694916,0.01917043,1.59924E+12
yEenLS8X,9/4/20,0.760320207,0.271638474,0.612153766,0.205786723,Male,White/Caucasian/European,Undergraduate,30,Moderate,Slightly Conservative,Moderately,Quite a bit,Moderately,Quite a bit,Moderately,Quite a bit,Moderately,Quite a bit,A little,Moderately,2,veteranstoday,A,FALSE,Mixed,FALSE,96,I like this text and images,0.72287498,0.043133467,1.59924E+12,0.18694916,0.028755644,1.59924E+12
yEenLS8X,9/4/20,0.760320207,0.271638474,0.612153766,0.205786723,Male,White/Caucasian/European,Undergraduate,30,Moderate,Slightly Conservative,Moderately,Quite a bit,Moderately,Quite a bit,Moderately,Quite a bit,Moderately,Quite a bit,A little,Moderately,3,amlookout,B,FALSE,Mixed,FALSE,96,The text and images will be develop,0.662967387,0.158156044,1.59924E+12,0.771647263,0.057511289,1.59924E+12
yEenLS8X,9/4/20,0.760320207,0.271638474,0.612153766,0.205786723,Male,White/Caucasian/European,Undergraduate,30,Moderate,Slightly Conservative,Moderately,Quite a bit,Moderately,Quite a bit,Moderately,Quite a bit,Moderately,Quite a bit,A little,Moderately,4,CNNPolitics,G,FALSE,Mixed,FALSE,47,I really thing is amazing,0.758819536,0.014377822,1.59924E+12,0.349897812,0.124607792,1.59924E+12
psUg0qaW,9/4/20,,,0.607976568,0.681783356,Female,African American/Black,Masters,51,Very liberal,Very liberal,Quite a bit,Moderately,Quite a bit,Quite a bit,Quite a bit,Quite a bit,Moderately,Moderately,Extremely,Extremely,0,nypost,F,FALSE,Mixed,TRUE,41,Nothing,0.697297727,0.479265745,1.59924E+12,0.413766084,0.776410507,1.59924E+12
psUg0qaW,9/4/20,,,0.607976568,0.681783356,Female,African American/Black,Masters,51,Very liberal,Very liberal,Quite a bit,Moderately,Quite a bit,Quite a bit,Quite a bit,Quite a bit,Moderately,Moderately,Extremely,Extremely,1,opednews,C,FALSE,Mixed,TRUE,4,nothing,0.714072028,0.35941534,1.59924E+12,0.265193703,1.15982325,1.59924E+12
psUg0qaW,9/4/20,,,0.607976568,0.681783356,Female,African American/Black,Masters,51,Very liberal,Very liberal,Quite a bit,Moderately,Quite a bit,Quite a bit,Quite a bit,Quite a bit,Moderately,Moderately,Extremely,Extremely,2,Jerusalem_Post,H,FALSE,Mixed,FALSE,6,nothing,0.802736191,0.419323558,1.59924E+12,0.351461537,0,1.59924E+12
psUg0qaW,9/4/20,,,0.607976568,0.681783356,Female,African American/Black,Masters,51,Very liberal,Very liberal,Quite a bit,Moderately,Quite a bit,Quite a bit,Quite a bit,Quite a bit,Moderately,Moderately,Extremely,Extremely,3,veteranstoday,A,FALSE,Mixed,FALSE,5,Nothing,0.869833395,0,1.59924E+12,0.437729371,0,1.59924E+12
psUg0qaW,9/4/20,,,0.607976568,0.681783356,Female,African American/Black,Masters,51,Very liberal,Very liberal,Quite a bit,Moderately,Quite a bit,Quite a bit,Quite a bit,Quite a bit,Moderately,Moderately,Extremely,Extremely,4,MotherJones,E,FALSE,Mixed,TRUE,5,Nothing,0.795547205,0,1.59924E+12,0.16934048,0,1.59924E+12
psUg0qaW,9/4/20,,,0.607976568,0.681783356,Female,African American/Black,Masters,51,Very liberal,Very liberal,Quite a bit,Moderately,Quite a bit,Quite a bit,Quite a bit,Quite a bit,Moderately,Moderately,Extremely,Extremely,5,CNNPolitics,G,FALSE,Mixed,FALSE,4,nothing,0.656560139,0,1.59924E+12,0.246023073,0,1.59924E+12
psUg0qaW,9/4/20,,,0.607976568,0.681783356,Female,African American/Black,Masters,51,Very liberal,Very liberal,Quite a bit,Moderately,Quite a bit,Quite a bit,Quite a bit,Quite a bit,Moderately,Moderately,Extremely,Extremely,6,amlookout,B,FALSE,Mixed,FALSE,5,nothing,0.726053672,0,1.59924E+12,0.394595454,0,1.59924E+12
psUg0qaW,9/4/20,,,0.607976568,0.681783356,Female,African American/Black,Masters,51,Very liberal,Very liberal,Quite a bit,Moderately,Quite a bit,Quite a bit,Quite a bit,Quite a bit,Moderately,Moderately,Extremely,Extremely,7,InvestWatchBlog,D,FALSE,Mixed,TRUE,5,nothing,0.793150876,0,1.59924E+12,0.667776929,0,1.59924E+12
fB9iDwas,9/4/20,0.370445194,0.032643734,0.984555448,0,Female,White/Caucasian/European,Masters,35,Very Consertavite,Very Consertavite,Quite a bit,Extremely,Quite a bit,Extremely,Quite a bit,Moderately,Quite a bit,Extremely,Moderately,Quite a bit,0,nypost,F,FALSE,Mixed,TRUE,16,Read the scenarios the study.,0.749234321,0.287556444,1.59924E+12,0.220497412,0.814743259,1.59924E+12
fB9iDwas,9/4/20,0.370445194,0.032643734,0.984555448,0,Female,White/Caucasian/European,Masters,35,Very Consertavite,Very Consertavite,Quite a bit,Extremely,Quite a bit,Extremely,Quite a bit,Moderately,Quite a bit,Extremely,Moderately,Quite a bit,1,veteranstoday,A,FALSE,Mixed,FALSE,8,based on read the questions,0.871445809,0.708497158,1.59924E+12,-0.225215076,1.322759643,1.59924E+12
fB9iDwas,9/4/20,0.370445194,0.032643734,0.984555448,0,Female,White/Caucasian/European,Masters,35,Very Consertavite,Very Consertavite,Quite a bit,Extremely,Quite a bit,Extremely,Quite a bit,Moderately,Quite a bit,Extremely,Moderately,Quite a bit,2,opednews,C,FALSE,Mixed,TRUE,7,based on opinion,0.957712743,0.284351384,1.59924E+12,0.234875234,0.690135466,1.59924E+12
fB9iDwas,9/4/20,0.370445194,0.032643734,0.984555448,0,Female,White/Caucasian/European,Masters,35,Very Consertavite,Very Consertavite,Quite a bit,Extremely,Quite a bit,Extremely,Quite a bit,Moderately,Quite a bit,Extremely,Moderately,Quite a bit,3,InvestWatchBlog,D,FALSE,Mixed,TRUE,6,read the tweet story,0.984072083,0.85227538,1.59924E+12,0.522431678,0.402579022,1.59924E+12
fB9iDwas,9/4/20,0.370445194,0.032643734,0.984555448,0,Female,White/Caucasian/European,Masters,35,Very Consertavite,Very Consertavite,Quite a bit,Extremely,Quite a bit,Extremely,Quite a bit,Moderately,Quite a bit,Extremely,Moderately,Quite a bit,4,amlookout,B,FALSE,Mixed,FALSE,8,the Donald trump articals are very inspiration,0.473659395,0.402579058,1.59924E+12,0.651832078,0.613453748,1.59924E+12
fB9iDwas,9/4/20,0.370445194,0.032643734,0.984555448,0,Female,White/Caucasian/European,Masters,35,Very Consertavite,Very Consertavite,Quite a bit,Extremely,Quite a bit,Extremely,Quite a bit,Moderately,Quite a bit,Extremely,Moderately,Quite a bit,5,Jerusalem_Post,H,FALSE,Mixed,FALSE,6,is lored cancel isreal concert,0.591078276,0.277971229,1.59924E+12,0.766854656,1.359483027,1.59924E+12
fB9iDwas,9/4/20,0.370445194,0.032643734,0.984555448,0,Female,White/Caucasian/European,Masters,35,Very Consertavite,Very Consertavite,Quite a bit,Extremely,Quite a bit,Extremely,Quite a bit,Moderately,Quite a bit,Extremely,Moderately,Quite a bit,6,MotherJones,E,FALSE,Mixed,TRUE,8,fox & friends confused president,0.998449906,0.993657298,1.59924E+12,-0.479223305,0.2588008,1.59924E+12
fB9iDwas,9/4/20,0.370445194,0.032643734,0.984555448,0,Female,White/Caucasian/European,Masters,35,Very Consertavite,Very Consertavite,Quite a bit,Extremely,Quite a bit,Extremely,Quite a bit,Moderately,Quite a bit,Extremely,Moderately,Quite a bit,7,CNNPolitics,G,FALSE,Mixed,FALSE,7,based on opinion,0.914579276,0.828312343,1.59924E+12,-0.493601128,0,1.59924E+12
XmjpoTvG,9/4/20,0.717284872,0.093850737,0.73972744,0.216264741,Male,White/Caucasian/European,Masters,35,Very Consertavite,Very Consertavite,Very slightly/Not at all,Quite a bit,A little,Extremely,Very slightly/Not at all,Moderately,Moderately,Moderately,Very slightly/Not at all,A little,0,opednews,C,TRUE,happy,TRUE,5,trustworthiness of this tweets and followed as per instruction,0.579096758,0.321104696,1.59924E+12,0.57515036,1.019207901,1.59924E+12
XmjpoTvG,9/4/20,0.717284872,0.093850737,0.73972744,0.216264741,Male,White/Caucasian/European,Masters,35,Very Consertavite,Very Consertavite,Very slightly/Not at all,Quite a bit,A little,Extremely,Very slightly/Not at all,Moderately,Moderately,Moderately,Very slightly/Not at all,A little,1,InvestWatchBlog,D,TRUE,happy,FALSE,7,To followed as per the instructions of the tweet.,0.876238417,0.11022997,1.59924E+12,0.239667842,0.709305896,1.59924E+12
XmjpoTvG,9/4/20,0.717284872,0.093850737,0.73972744,0.216264741,Male,White/Caucasian/European,Masters,35,Very Consertavite,Very Consertavite,Very slightly/Not at all,Quite a bit,A little,Extremely,Very slightly/Not at all,Moderately,Moderately,Moderately,Very slightly/Not at all,A little,2,CNNPolitics,G,TRUE,happy,TRUE,8,Previous tweet about Donald trump and i decide by follow the instructions,0.631815439,0.206082118,1.59924E+12,-0.167703788,0.508016385,1.59924E+12
XmjpoTvG,9/4/20,0.717284872,0.093850737,0.73972744,0.216264741,Male,White/Caucasian/European,Masters,35,Very Consertavite,Very Consertavite,Very slightly/Not at all,Quite a bit,A little,Extremely,Very slightly/Not at all,Moderately,Moderately,Moderately,Very slightly/Not at all,A little,3,nypost,F,TRUE,happy,FALSE,7,to follows as per the instruction,0.732460195,0.186911689,1.59924E+12,0.450542567,0.2588008,1.59924E+12
XmjpoTvG,9/4/20,0.717284872,0.093850737,0.73972744,0.216264741,Male,White/Caucasian/European,Masters,35,Very Consertavite,Very Consertavite,Very slightly/Not at all,Quite a bit,A little,Extremely,Very slightly/Not at all,Moderately,Moderately,Moderately,Very slightly/Not at all,A little,4,veteranstoday,A,TRUE,happy,FALSE,7,I seen heard something about the trustworthiness,0.672552602,0.148570829,1.59924E+12,0.642246864,0.076681718,1.59924E+12
XmjpoTvG,9/4/20,0.717284872,0.093850737,0.73972744,0.216264741,Male,White/Caucasian/European,Masters,35,Very Consertavite,Very Consertavite,Very slightly/Not at all,Quite a bit,A little,Extremely,Very slightly/Not at all,Moderately,Moderately,Moderately,Very slightly/Not at all,A little,5,Jerusalem_Post,H,TRUE,happy,TRUE,5,BBC apologize for jewis guys comments,0.61264501,0.292349052,1.59924E+12,3.75E-05,0.5176016,1.59924E+12
XmjpoTvG,9/4/20,0.717284872,0.093850737,0.73972744,0.216264741,Male,White/Caucasian/European,Masters,35,Very Consertavite,Very Consertavite,Very slightly/Not at all,Quite a bit,A little,Extremely,Very slightly/Not at all,Moderately,Moderately,Moderately,Very slightly/Not at all,A little,6,MotherJones,E,TRUE,happy,FALSE,7,A new report shows just how much the Republican tax plan benefits the richest Americans,0.63900435,0.244422978,1.59924E+12,0.83395116,0.210874726,1.59924E+12
XmjpoTvG,9/4/20,0.717284872,0.093850737,0.73972744,0.216264741,Male,White/Caucasian/European,Masters,35,Very Consertavite,Very Consertavite,Very slightly/Not at all,Quite a bit,A little,Extremely,Very slightly/Not at all,Moderately,Moderately,Moderately,Very slightly/Not at all,A little,7,amlookout,B,TRUE,happy,TRUE,6,: Secret Society Within FBI Held Meeting The Day After 2016 Election - We keep going further and furthe..,0.698911943,0.225252548,1.59924E+12,-0.105399891,0.508016385,1.59924E+12